posts,type
"I love going to parties and meeting new people. The more, the merrier!", ENFP
"I'm always excited to explore new places and make new friends.", ENFP
"You prefer a close circle of friends", INFP
"Thinking out loud",INFP
"You love being inside the four walls of your room without wanting to go out for hours.", INFP
"You avoid eye contact with most people while talking to them.", INFP
"You have very few friends with whom you are very open but avoid making new ones.", INFP
"Tending to act first before thinking", INFP
"You go out for morning walk to enjoy the nature rather than to actually exercise.", INFP
"When you are on a vacation, you enjoy things that others don't. You observe more than anyone else.", INFP
"Out in the mall, when you see someone who knows you, you start going in the opposite direction to avoid meeting him/her.", INFP
"You are reading books on weekends.", INFP
"You are SUPER crazy about correctness of grammar.", INFP
"You have an insecurity somewhere in your heart (regarding anything - looks, height, career, relationships etc.), but you are perfectly able to hide it from others.", INFP
"You are less fearless than others. But you do know the line between confidence and overconfidence.", INFP
"You tend to daydream more than others. You love the virtual world you have created.", INFP
"You are egoistic. You deny that.", INFP
"You love being inside the four walls of your room without wanting to go out for hours.", INFP
"You avoid eye contact with most people while talking to them.", INFP
"You have very few friends with whom you are very open but avoid making new ones.", INFP
"You go out for morning walk to enjoy the nature rather than to actually exercise.", INFP
"When you are on a vacation, you enjoy things that others don't. You observe more than anyone else.", INFP
"Out in the mall, when you see someone who knows you, you start going in the opposite direction to avoid meeting him/her.", INFP
"You are reading books on weekends.", INFP
"You are SUPER crazy about correctness of grammar.", INFP
"You have an insecurity somewhere in your heart (regarding anything - looks, height, career, relationships etc.), but you are perfectly able to hide it from others.", INFP
"You are less fearless than others. But you do know the line between confidence and overconfidence.", INFP
"You tend to daydream more than others. You love the virtual world you have created.", INFP
"You are egoistic. You deny that.", INFP
"You don't worry much about fashion.", INFP
"You are always thinking about something. Many times, you think more than necessary. You can sometimes be very optimistic but adhere to pessimism at other times.", INFP
"You are often fighting with the personalities within yourself.", INFP
"You tend to get depressed more than others. Sometimes you care about things too much and end up hurting your own image in yourself.", INFP
"You never ask your crush out. That ‘taking the time’ phase does not end.", INFP
"When someone asks you out, you first think 'S/He is surely kidding. All this is a prank. How can someone like me?'", INFP
"If you are in a relationship, you would do anything that makes your partner happy. That includes giving up some of your introverted nature.", INFP
"You avoid parties altogether; or make sure you have a way out.", INFP
"You are not lazy, you are just not interested at all.", INFP
"You avoid reading WhatsApp messages especially from those not so close to you, so that you remain unseen.", INFP
"You, VERRRRYYYY rarely, post or share anything on Facebook.", INFP
"You are amazingly talented, but prefer to practice it all alone inside your room. You’re actually afraid of being harshly judged.", INFP
"You have a concept of religion that no one else has.", INFP
"You do not want to share your Playlist, as your choices are very different from those of others.", INFP
"You always prefer e-mail over calling.", INFP
"Your heartbeats race when the phone rings. If the doorbell rings, you get a heart attack.", INFP
"You mentally prepare for phone calls.", INFP
"You are allergic to phrases like 'team player,' 'ice breakers,' and 'pushy salespeople.'", INFP
"Communal tables at coffee places are never an option.", INFP
"You don’t really know how to pull out a weapon of flirtation. So, you continue to stare and it gets awkward. To the point when you want to flush yourself down the toilet.", INFP
"You think for one millisecond before acting on impulse.", INFP
"Lectures over seminars on any day.", INFP
"You have to recharge at the end of the day because you feel drained, even if you genuinely enjoyed every minute of it.", INFP
"You think that some people talk for the sake of having their mouth go up and down, with occasional lip twerking.", INFP
"You have a strict list full of boundaries mentally outlining who is your 'friend' and who is an 'acquaintance.'", INFP
"When you want to leave your condo, but the neighbor is in the hallway. The struggle is phenomenal.", INFP
"You find solace in spending hours lost in thought, exploring the depths of your imagination.", INFP
"You have a knack for finding beauty in the mundane, often losing yourself in the intricacies of everyday life.", INFP
"Your creativity knows no bounds, as you pour your heart and soul into your artistic endeavors.", INFP
"You feel deeply connected to nature, finding peace and inspiration in its serene landscapes.", INFP
"Music speaks to your soul, evoking emotions and memories that resonate deeply within you.", INFP
"You cherish moments of solitude, relishing the opportunity to reflect and recharge your spirit.", INFP
"Empathy flows through your veins, as you strive to understand the emotions and experiences of others.", INFP
"You possess a vivid inner world, brimming with colorful characters and fantastical landscapes.", INFP
"Philosophy captivates your mind, as you ponder the mysteries of existence and the meaning of life.", INFP
"Your heart guides you on your journey, as you navigate the twists and turns of fate with grace and intuition.", INFP
"You don't worry much about fashion.", INFP
"You are always thinking about something. Many times, you think more than necessary. You can sometimes be very optimistic but adhere to pessimism at other times.", INFP
"You are often fighting with the personalities within yourself.", INFP
"You tend to get depressed more than others. Sometimes you care about things too much and end up hurting your own image in yourself.", INFP
"You never ask your crush out. That ‘taking the time’ phase does not end.", INFP
"When someone asks you out, you first think 'S/He is surely kidding. All this is a prank. How can someone like me?'", INFP
"If you are in a relationship, you would do anything that makes your partner happy. That includes giving up some of your introverted nature.", INFP
"You avoid parties altogether; or make sure you have a way out.", INFP
"You are not lazy, you are just not interested at all.", INFP
"You avoid reading WhatsApp messages especially from those not so close to you, so that you remain unseen.", INFP
"You, VERRRRYYYY rarely, post or share anything on Facebook.", INFP
"You are amazingly talented, but prefer to practice it all alone inside your room. You’re actually afraid of being harshly judged.", INFP
"You have a concept of religion that no one else has.", INFP
"You do not want to share your Playlist, as your choices are very different from those of others.", INFP
"You always prefer e-mail over calling.", INFP
"Your heartbeats race when the phone rings. If the doorbell rings, you get a heart attack.", INFP
"Being in a crowd energizes me, and I love socializing with diverse people.", ENFP
"I find joy in spontaneous adventures and thrive in dynamic social environments.", ENFP
"Connecting with others on a deep level is one of my favorite things.", ENFP
"I enjoy sharing my thoughts and ideas with a wide audience.", ENFP
"Large gatherings inspire me, and I feel a sense of belonging in social events.", ENFP
"I often seek out new experiences and enjoy the thrill of the unknown.", ENFP
"Meeting new people brings a sense of excitement and curiosity.", ENFP
"I love expressing myself through various forms of creative expression.", ENFP
"I enjoy being the center of attention and engaging in lively conversations.", ENFP
"I find inspiration in the diversity of people and perspectives around me.", ENFP
"Exploring new cultures and meeting people from different backgrounds is thrilling.", ENFP
"I'm naturally outgoing and love to bring energy to social gatherings.", ENFP
"Spending time with friends and sharing experiences is a top priority for me.", ENFP
"I thrive in social situations and love the buzz of a vibrant social scene.", ENFP
"Building connections with others is a fundamental part of who I am.", ENFP
"I'm always up for a social event and enjoy the company of others.", ENFP
"Expressing my emotions openly and connecting with others is important to me.", ENFP
"I value the richness of social interactions and the diversity of human connections.", ENFP
"Engaging in group activities is something I find truly fulfilling.", ENFP
"I feel alive when surrounded by people, and I cherish my social circles.", ENFP
"I'm naturally drawn to social events and enjoy meeting new faces.", ENFP
"I love the thrill of socializing and discovering new aspects of people's personalities.", ENFP
"I find joy in building relationships and connecting with others authentically.", ENFP
"Sharing my experiences with a wide audience is something I enjoy.", ENFP
"Being in the midst of a lively social gathering brings me a sense of joy.", ENFP
"Exploring the world with others is an enriching experience for me.", ENFP
"I'm happiest when I'm surrounded by a diverse group of friends.", ENFP
"I enjoy the spontaneity of social events and the energy they bring.", ENFP
"Meeting new people and making connections is an exciting part of my life.", ENFP
"Being the life of the party and creating memorable moments is my forte.", ENFP
"I find fulfillment in social interactions and the exchange of ideas.", ENFP
"I love engaging with others and find inspiration in the stories they share.", ENFP
"Spontaneous plans and last-minute adventures with friends are my favorite.", ENFP
"Building a wide network of friends and acquaintances is something I prioritize.", ENFP
"I'm naturally drawn to social situations and enjoy the excitement they bring.", ENFP
"I value the depth of connections I can create with others.", ENFP
"Sharing my passions with a receptive audience brings me a sense of fulfillment.", ENFP
"I thrive in social environments and enjoy connecting with people on a personal level.", ENFP
"Being at the center of social events and engaging with others is invigorating for me.", ENFP
"I'm always open to meeting new people and expanding my social circles.", ENFP
"Expressing my thoughts and emotions through social interactions is essential for me.", ENFP
"I find joy in making new connections and creating bonds with others.", ENFP
"I'm naturally sociable and enjoy engaging with a wide range of personalities.", ENFP
"I love being in the company of friends and sharing experiences with them.", ENFP
"Spontaneous outings and social gatherings are my preferred way to spend time.", ENFP
"I enjoy the vibrant energy of social events and connecting with others.", ENFP
"I thrive in social settings and value the connections I can build with others.", ENFP
"Being the life of the party and creating a positive atmosphere is something I enjoy.", ENFP
"I find joy in the shared experiences and connections I make with others.", ENFP
"Spending time with a group of friends brings me a sense of happiness.", ENFP
"I'm naturally outgoing and enjoy initiating conversations with new people.", ENFP
"I find fulfillment in the diversity of human connections and social interactions.", ENFP
"I enjoy the excitement of meeting new people and exploring different social scenes.", ENFP
"Creating memorable moments with friends and loved ones is important to me.", ENFP
"I value the richness of social interactions and the diversity of personalities.", ENFP
"Being in the company of friends and loved ones is something I cherish.", ENFP
"Engaging in social events and connecting with others is a source of joy for me.", ENFP
"I find inspiration in the dynamic nature of social interactions and relationships.", ENFP
"I'm naturally drawn to social gatherings and enjoy the lively atmosphere they bring.", ENFP
"Meeting new people and making connections is an integral part of my life.", ENFP
"I enjoy being the center of attention and bringing positive energy to social situations.", ENFP
"Expressing my thoughts and emotions through social interactions is essential for me.", ENFP
"I find joy in making new connections and creating bonds with others.", ENFP
"I'm naturally sociable and enjoy engaging with a wide range of personalities.", ENFP
"I love being in the company of friends and sharing experiences with them.", ENFP
"Spontaneous outings and social gatherings are my preferred way to spend time.", ENFP
"I enjoy the vibrant energy of social events and connecting with others.", ENFP
"I thrive in social settings and value the connections I can build with others.", ENFP
"Being the life of the party and creating a positive atmosphere is something I enjoy.", ENFP
"I find joy in the shared experiences and connections I make with others.", ENFP
"Spending time with a group of friends brings me a sense of happiness.", ENFP
"I'm naturally outgoing and enjoy initiating conversations with new people.", ENFP
"I find fulfillment in the diversity of human connections and social interactions.", ENFP
"I enjoy the excitement of meeting new people and exploring different social scenes.", ENFP
"Creating memorable moments with friends and loved ones is important to me.", ENFP
"I value the richness of social interactions and the diversity of personalities.", ENFP
"Being in the company of friends and loved ones is something I cherish.", ENFP
"Engaging in social events and connecting with others is a source of joy for me.", ENFP
"I find inspiration in the dynamic nature of social interactions and relationships.", ENFP
"I'm naturally drawn to social gatherings and enjoy the lively atmosphere they bring.", ENFP
"Meeting new people and making connections is an integral part of my life.", ENFP
"I enjoy being the center of attention and bringing positive energy to social situations.", ENFP
"I enjoy spending time alone, reading books, and reflecting on life.", INFP
"Quiet moments of introspection bring me a deep sense of peace.", INFP
"I find solace in nature and enjoy the tranquility it brings.", INFP
"Deep and meaningful conversations are more fulfilling than small talk for me.", INFP
"I prefer one-on-one interactions over large group settings.", INFP
"Creating art and expressing myself creatively is a therapeutic outlet for me.", INFP
"I value authenticity and seek genuine connections with others.", INFP
"Spending time in my own thoughts and imagination is important to me.", INFP
"I enjoy the beauty of solitude and find it rejuvenating.", INFP
"I'm introspective and often reflect on the deeper meaning of life.", INFP
"Building deep, meaningful relationships is a priority in my life.", INFP
"I'm drawn to the world of ideas and enjoy exploring philosophical concepts.", INFP
"I often retreat to my inner world for inspiration and self-discovery.", INFP
"I find joy in the simple pleasures of life and appreciate quiet moments.", INFP
"Socializing in large groups can be draining for me, and I need time alone to recharge.", INFP
"I enjoy helping others and find fulfillment in making a positive impact.", INFP
"Expressing my emotions through creative outlets is essential for me.", INFP
"I'm a deep thinker, and I enjoy exploring complex ideas and theories.", INFP
"I find beauty in the nuances of life and appreciate the subtleties of human connection.", INFP
"I'm compassionate and value empathy in my interactions with others.", INFP
"I'm comfortable with my own company and cherish moments of solitude.", INFP
"I prefer depth over breadth in relationships, seeking meaningful connections.", INFP
"Engaging in self-reflection is a regular part of my routine.", INFP
"I find joy in helping others and making a positive impact in their lives.", INFP
"Exploring my inner world through creativity is a source of fulfillment.", INFP
"I enjoy the process of self-discovery and understanding my own emotions.", INFP
"Quiet and reflective moments bring me a sense of calm and balance.", INFP
"I value authenticity and am drawn to people who are true to themselves.", INFP
"I'm introspective and often seek to understand the deeper meaning behind experiences.", INFP
"I enjoy creating a personal sanctuary where I can retreat and recharge.", INFP
"I find inspiration in art, literature, and the beauty of the natural world.", INFP
"Deep and meaningful connections with others are essential for my well-being.", INFP
"I appreciate the beauty of silence and value moments of contemplation.", INFP
"I'm drawn to creativity and enjoy expressing myself through various artistic forms.", INFP
"I find solace in my inner world and enjoy exploring my thoughts and emotions.", INFP
"Meaningful and authentic connections with others bring me a sense of fulfillment.", INFP
"I'm attuned to my emotions and find value in exploring their depths.", INFP
"I appreciate the beauty of the mundane and find joy in simple, everyday moments.", INFP
"I'm empathetic and often put myself in others' shoes to understand their perspectives.", INFP
"I seek harmony in my relationships and value open communication.", INFP
"I enjoy delving into my imagination and exploring creative possibilities.", INFP
"Creating a personal space that reflects my inner self is important to me.", INFP
"I'm introspective, and I enjoy examining my thoughts and emotions.", INFP
"I find joy in connecting with others on a deeper, emotional level.", INFP
"Seeking understanding and meaning in life is a continuous journey for me.", INFP
"I'm drawn to the emotional depth of art and literature.", INFP
"I appreciate the beauty of introspection and enjoy exploring my inner world.", INFP
"Meaningful connections with others bring a profound sense of satisfaction.", INFP
"I value authenticity and honesty in my interactions with others.", INFP
"I find peace in moments of solitude and enjoy quiet, reflective activities.", INFP
"Creating a personal haven that aligns with my values is important to me.", INFP
"I'm attuned to the emotions of those around me and strive to provide support.", INFP
"Deep, philosophical discussions about life and meaning resonate with me.", INFP
"I find joy in exploring my inner thoughts and emotions through creative expression.", INFP
"I value depth and authenticity in my relationships, seeking meaningful connections.", INFP
"Quiet moments of contemplation and introspection bring me a sense of tranquility.", INFP
"I find beauty in the subtleties of life and appreciate the richness of human emotions.", INFP
"Creating meaningful connections with others is a priority in my life.", INFP
"I seek understanding and empathy in my interactions with others.", INFP
"Exploring my inner world and understanding my emotions is an ongoing journey for me.", INFP
"I find fulfillment in helping others and making a positive impact in their lives.", INFP
"Meaningful and authentic connections with others bring a deep sense of joy.", INFP
"I appreciate the beauty of introspection and find joy in exploring my inner thoughts.", INFP
"I value the richness of human emotions and enjoy exploring their depths.", INFP
"I seek authenticity in my interactions with others and value genuine connections.", INFP
"Creating a personal sanctuary that reflects my inner self is important to me.", INFP
"I find joy in the beauty of silence and value quiet moments of reflection.", INFP
"I'm drawn to the emotional depth of art and literature, finding inspiration in their stories.", INFP
"Meaningful and authentic connections with others bring me a profound sense of fulfillment.", INFP
"I'm attuned to my emotions and appreciate the beauty of introspection.", INFP
"I seek understanding and meaning in life through introspective exploration.", INFP
"I find joy in connecting with others on a deeper, emotional level.", INFP
"Exploring my inner world and understanding my emotions is a continuous journey for me.", INFP
"I'm drawn to the beauty of introspection and value moments of quiet contemplation.", INFP
"Creating meaningful connections with others is a priority in my life.", INFP
"I seek understanding and empathy in my interactions with others.", INFP
"Exploring my inner world and understanding my emotions is an ongoing journey for me.", INFP
"I find fulfillment in helping others and making a positive impact in their lives.", INFP
"Meaningful and authentic connections with others bring a deep sense of joy.", INFP
"I appreciate the beauty of introspection and find joy in exploring my inner thoughts.", INFP
"I value the richness of human emotions and enjoy exploring their depths.", INFP
"I seek authenticity in my interactions with others and value genuine connections.", INFP
"Creating a personal sanctuary that reflects my inner self is important to me.", INFP
"I find joy in the beauty of silence and value quiet moments of reflection.", INFP
"I'm drawn to the emotional depth of art and literature, finding inspiration in their stories.", INFP
"Meaningful and authentic connections with others bring me a profound sense of fulfillment.", INFP
"I'm attuned to my emotions and appreciate the beauty of introspection.", INFP
"I seek understanding and meaning in life through introspective exploration.", INFP
"I find joy in connecting with others on a deeper, emotional level.", INFP
"Exploring my inner world and understanding my emotions is a continuous journey for me.", INFP
"I'm drawn to the beauty of introspection and value moments of quiet contemplation.", INFP
"I'm always up for a spontaneous road trip with friends.", ENFP
"I find excitement in exploring new hobbies and interests.", ENFP
"Creating a vibrant and energetic atmosphere is my specialty.", ENFP
"I love connecting with people from different cultures and backgrounds.", ENFP
"Organizing social events and gatherings brings me immense joy.", ENFP
"I'm drawn to the energy of live performances and events.", ENFP
"Spontaneous dance parties at home are a regular occurrence for me.", ENFP
"I'm passionate about advocating for causes I believe in.", ENFP
"Exploring different cuisines with friends is one of my favorite activities.", ENFP
"I enjoy taking on new challenges and embracing change.", ENFP
"I'm known for my positive outlook and uplifting others.", ENFP
"Finding inspiration in the world around me is a constant pursuit.", ENFP
"Sharing laughter and creating a light-hearted atmosphere is important to me.", ENFP
"I thrive in collaborative projects and enjoy team dynamics.", ENFP
"Adapting to new environments and meeting diverse people is exciting.", ENFP
"I find joy in expressing myself through various forms of art.", ENFP
"Creating playlists for different moods and occasions is a favorite pastime.", ENFP
"I'm always open to trying out new and adventurous activities.", ENFP
"Engaging in deep conversations about life and possibilities is invigorating.", ENFP
"I'm drawn to the creativity and innovation in the world.", ENFP
"Exploring hidden gems in the city and sharing them with friends is a passion.", ENFP
"I enjoy the thrill of exploring new opportunities and possibilities.", ENFP
"Creating a positive and inclusive community is a goal of mine.", ENFP
"I find inspiration in the diversity of perspectives and ideas.", ENFP
"Being involved in social causes and making a difference is fulfilling.", ENFP
"I enjoy hosting themed parties and events for friends.", ENFP
"Finding beauty in the ordinary and mundane is a unique talent of mine.", ENFP
"I love attending festivals and immersing myself in the lively atmosphere.", ENFP
"Spreading joy and positivity is a mission in my daily interactions.", ENFP
"I'm always seeking ways to bring people together and foster connections.", ENFP
"Embracing spontaneity and going with the flow is my approach to life.", ENFP
"I find inspiration in the vibrant colors and energy of urban landscapes.", ENFP
"Creating a personal brand that reflects my values is important to me.", ENFP
"I'm drawn to the magic of storytelling and enjoy creating narratives.", ENFP
"I enjoy turning everyday moments into memorable experiences.", ENFP
"Organizing surprise celebrations for friends is a frequent occurrence.", ENFP
"I find fulfillment in contributing positively to the lives of those around me.", ENFP
"Capturing moments through photography is a creative outlet for me.", ENFP
"I'm naturally curious and love exploring new possibilities and ideas.", ENFP
"I enjoy the challenge of multitasking and juggling various interests.", ENFP
"Creating a supportive and uplifting community is a constant endeavor.", ENFP
"I'm passionate about championing the talents and creativity of others.", ENFP
"Transforming ideas into reality through collaboration is a satisfying process.", ENFP
"I find joy in bringing people together for shared experiences.", ENFP
"I'm drawn to the vibrancy of street art and unique expressions of creativity.", ENFP
"Facilitating group activities that encourage bonding and connection is a strength.", ENFP
"Adapting to change with enthusiasm and openness is part of my nature.", ENFP
"Exploring fictional worlds through literature is a favorite pastime.", INFP
"I'm known for my ability to empathize and understand others deeply.", INFP
"Being in nature is a spiritual experience that rejuvenates me.", INFP
"I enjoy creating a cozy and serene space for introspection.", INFP
"Listening to soulful music is a way for me to connect with my emotions.", INFP
"I'm passionate about advocating for environmental sustainability.", INFP
"Exploring art galleries and museums brings me a sense of wonder.", INFP
"I find solace in the gentle rhythm of rain and appreciate its calming effect.", INFP
"Creating meaningful rituals and routines is a source of comfort for me.", INFP
"I'm drawn to the beauty of handwritten letters and personal expressions.", INFP
"I enjoy the challenge of expressing complex emotions through writing.", INFP
"Reflecting on philosophical concepts and pondering life's mysteries is a habit.", INFP
"I find joy in nurturing plants and creating a green sanctuary at home.", INFP
"Supporting charitable causes and making a positive impact is fulfilling.", INFP
"I appreciate the beauty of symbolism and find meaning in subtle gestures.", INFP
"Exploring antique shops and discovering unique treasures is a cherished activity.", INFP
"I find comfort in the warmth of candlelight and the ambiance it creates.", INFP
"Spending time with animals brings me a sense of peace and connection.", INFP
"I'm drawn to the beauty of starry nights and the vastness of the universe.", INFP
"Engaging in deep conversations about values and ethics is important to me.", INFP
"I enjoy the simplicity of handwritten notes and personal gestures of kindness.", INFP
"Creating art as a form of self-expression and exploration is a passion.", INFP
"I find fulfillment in supporting others on their journey of self-discovery.", INFP
"I appreciate the emotional depth of classical music and its ability to evoke feelings.", INFP
"Exploring the world of fantasy and imagination is a delightful escape for me.", INFP
"I'm attuned to the emotions of those around me and offer a listening ear.", INFP
"I find inspiration in the changing seasons and the cyclical nature of life.", INFP
"Creating a harmonious and aesthetically pleasing environment is important.", INFP
"I enjoy capturing fleeting moments of beauty through photography.", INFP
"Finding meaning in the symbolism of dreams is a fascinating exploration.", INFP
"I'm drawn to the intricacies of poetry and the power of language.", INFP
"Creating a personal sanctuary that reflects my inner world is essential.", INFP
"I find joy in the art of journaling and documenting my thoughts and experiences.", INFP
"Supporting local and independent artists is a meaningful endeavor for me.", INFP
"Engaging in introspective practices like meditation brings me inner peace.", INFP
"I appreciate the therapeutic benefits of spending time near bodies of water.", INFP
"Expressing gratitude through handwritten notes is a heartfelt practice.", INFP
"I find joy in exploring different forms of creative expression, from painting to music.", INFP
"I'm passionate about social justice causes and advocating for equality.", INFP
"Exploring philosophical literature and contemplating life's purpose is enlightening.", INFP
"I find solace in the gentle melodies of acoustic music and unplugged performances.", INFP
"Creating a personal retreat for reading and reflection is a priority for me.", INFP
"I'm drawn to the emotional power of film and its ability to convey complex stories.", INFP
"Finding meaning in symbolism and metaphor is a continuous exploration for me.", INFP
"I enjoy the challenge of expressing my inner world through abstract art.", INFP
"Supporting local artisans and appreciating handmade crafts is important.", INFP

"Creating a cozy reading nook at home is essential for my relaxation.", INFP
"I find beauty in the details of everyday life and cherish small moments.", INFP
"Embracing the therapeutic benefits of aromatherapy and scented candles is a ritual.", INFP
"I enjoy exploring different spiritual practices and beliefs for personal growth.", INFP
"Creating a personal haven that reflects my values and interests is vital.", INFP
"Engaging in deep conversations about the human experience and emotions is fulfilling.", INFP
"Exploring the emotional depth of classical literature is a cherished pursuit.", INFP
"Creating a tranquil space for introspection and meditation is a priority for me.", INFP
"Crafting handmade gifts for loved ones as a way of expressing my affection.", INFP
"I find solace in the calming rhythm of rain and enjoy its soothing effect.", INFP
"Engaging in deep philosophical discussions about the nature of existence and reality.", INFP
"Creating a personal sanctuary with fairy lights and cozy blankets for relaxation.", INFP
"Finding beauty in the simplicity of handwritten letters and personal notes.", INFP
"I'm drawn to the enchanting qualities of mythology and folk tales.", INFP
"Exploring different tea blends and creating a ritual around tea time.", INFP
"Capturing fleeting moments of beauty in nature through photography.", INFP
"Adopting a slow and intentional approach to life, savoring each moment.", INFP
"Expressing my thoughts and emotions through poetry and creative writing.", INFP
"I enjoy the therapeutic benefits of gardening and connecting with nature.", INFP
"Creating a vision board to manifest my dreams and aspirations.", INFP
"Engaging in mindfulness practices and meditation for inner peace.", INFP
"I find joy in curating playlists that reflect my emotions and moods.", INFP
"Admiring the symbolism in tarot cards and exploring their meanings.", INFP

"Creating a cozy reading nook with a collection of favorite books.", INFP
"I value deep connections and enjoy the intimacy of one-on-one conversations.", INFP
"Exploring different forms of artistic expression, from painting to sculpture.", INFP
"Taking quiet walks in nature to reflect and find inner peace.", INFP
"Crafting personalized, heartfelt gifts for special occasions.", INFP
"Collaborating on group projects and bringing diverse ideas together energizes me.", ENFP
"Finding joy in the unexpected and embracing spontaneity is a part of my personality.", ENFP
"Creating vision boards to manifest my goals and dreams is a regular practice for me.", ENFP
"I'm drawn to the positive energy of sunrise and sunset, finding inspiration in them.", ENFP
"Taking on challenges with optimism and a can-do attitude is my approach to life.", ENFP
"Engaging in playful banter and humor is a way I connect with those around me.", ENFP
"I enjoy exploring different cultures through food, music, and traditions.", ENFP
"Expressing gratitude through daily affirmations is a practice that uplifts me.", ENFP
"I find inspiration in the diversity of street art and urban expressions.", ENFP
"Hosting themed costume parties and encouraging creativity is a favorite activity.", ENFP
"I'm passionate about creating a positive impact through community service.", ENFP
"Finding meaning in the symbolism of dreams and exploring their messages is fascinating.", ENFP
"Creating and maintaining a personal blog to share my thoughts and experiences.", ENFP
"Adopting a growth mindset and seeing challenges as opportunities for learning.", ENFP
"Engaging in activities that promote mindfulness and present-moment awareness.", ENFP
"Taking spontaneous road trips to explore new destinations and discover hidden gems.", ENFP
"I value the importance of self-care and prioritize activities that bring me joy.", ENFP
"Finding inspiration in the beauty of diverse landscapes and natural wonders.", ENFP
"I'm known for my ability to bring people together and foster a sense of community.", ENFP
"Creating a vision for the future and setting goals to manifest my aspirations.", ENFP
"Crafting handmade gifts for loved ones as a way of expressing my affection.", INFP
"I find solace in the calming rhythm of rain and enjoy its soothing effect.", INFP
"Engaging in deep philosophical discussions about the nature of existence and reality.", INFP
"Creating a personal sanctuary with fairy lights and cozy blankets for relaxation.", INFP
"Finding beauty in the simplicity of handwritten letters and personal notes.", INFP
"I'm drawn to the enchanting qualities of mythology and folk tales.", INFP
"Exploring different tea blends and creating a ritual around tea time.", INFP
"Capturing fleeting moments of beauty in nature through photography.", INFP
"Adopting a slow and intentional approach to life, savoring each moment.", INFP
"Expressing my thoughts and emotions through poetry and creative writing.", INFP
"I enjoy the therapeutic benefits of gardening and connecting with nature.", INFP
"Creating a vision board to manifest my dreams and aspirations.", INFP
"Engaging in mindfulness practices and meditation for inner peace.", INFP
"I find joy in curating playlists that reflect my emotions and moods.", INFP
"Admiring the symbolism in tarot cards and exploring their meanings.", INFP
"Joining community events to connect with new people and share experiences.", ENFP
"Hosting game nights with friends, exploring various board games and activities.", ENFP
"Attending outdoor music festivals and immersing myself in the vibrant atmosphere.", ENFP
"Documenting my travel adventures through a personalized scrapbook.", ENFP
"Taking improv classes to enhance my spontaneity and creativity.", ENFP
"Organizing themed potluck dinners with friends to celebrate diverse cuisines.", ENFP
"Exploring local farmers' markets and discovering unique, handcrafted items.", ENFP
"Participating in community theater and expressing myself through acting.", ENFP
"Creating a personalized vision statement to guide my life's direction.", ENFP
"Embracing the challenge of learning a new instrument and exploring music.", ENFP
"Attending motivational seminars and absorbing positive energy and insights.", ENFP
"Collaborating on community art projects that bring people together.", ENFP
"Joining a book club to share thoughts and insights on literature.", ENFP
"Volunteering for environmental initiatives to contribute to positive change.", ENFP
"Attending self-improvement workshops to enhance personal development.", ENFP
"Hosting a podcast to share stories and experiences with a wider audience.", ENFP
"Organizing themed photo contests to encourage creativity and self-expression.", ENFP
"Participating in flash mobs to bring surprise joy to public spaces.", ENFP
"Joining a dance class to express emotions through movement and rhythm.", ENFP
"Collaborating with local artists on a community mural project.", ENFP
"Creating a personalized wellness retreat to focus on self-care.", ENFP
"Engaging in laughter yoga to combine joy and wellness practices.", ENFP
"Joining a storytelling club to share and listen to personal narratives.", ENFP
"Organizing a community swap meet to promote sustainability and sharing.", ENFP
"Participating in a group visioning session to inspire collective dreams.", ENFP
"Attending mindfulness retreats to deepen my connection with the present moment.", ENFP
"Creating a positivity journal to document uplifting moments and quotes.", ENFP
"Hosting a community picnic to encourage socializing and connection.", ENFP
"Exploring different dance styles, from salsa to hip-hop, for self-expression.", ENFP
"Joining a photography club to capture unique perspectives and moments.", ENFP
"Participating in community gardening projects to foster green spaces.", ENFP
"Creating a vision wall with inspiring quotes, images, and affirmations.", ENFP
"Organizing a community paint-and-sip event for artistic expression.", ENFP
"Attending TEDx talks to explore diverse ideas and perspectives.", ENFP
"Joining a laughter therapy group to experience the joy of shared laughter.", ENFP

"Creating a community blog to showcase local talent and stories.", ENFP
"Participating in a community choir to share the joy of music.", ENFP
"Organizing a neighborhood talent show to celebrate diverse skills.", ENFP
"Joining a creative writing circle to share and critique stories.", ENFP
"Attending a community visioning workshop to shape a collective future.", ENFP
"Creating a gratitude wall to showcase appreciation and positive moments.", ENFP
"Participating in a community mindfulness walk for relaxation and connection.", ENFP
"Hosting a neighborhood potluck dinner to foster community bonding.", ENFP
"Organizing a community vision board party for collective goal-setting.", ENFP
"Joining a community improv group to enhance spontaneity and teamwork.", ENFP
"Attending local cultural festivals to celebrate diversity and traditions.", ENFP

"Creating a community book exchange to share literature and stories.", ENFP
"Participating in a neighborhood clean-up day to promote environmental care.", ENFP
"Organizing a community storytelling event to share and preserve local history.", ENFP
"Creating an art installation that reflects my inner thoughts and emotions.", INFP
"Participating in a mindfulness retreat in nature for self-reflection and peace.", INFP
"Attending a holistic wellness workshop to explore alternative healing methods.", INFP
"Joining a community garden project to connect with nature and foster growth.", INFP
"Organizing a poetry slam event to celebrate the beauty of spoken word.", INFP
"Exploring different meditation techniques to deepen my spiritual practice.", INFP
"Attending a silent retreat to embrace solitude and inner contemplation.", INFP
"Creating a gratitude jar to collect moments of appreciation and joy.", INFP
"Joining a community theater group to express emotions through acting.", INFP
"Participating in a virtual book club to connect with others over literature.", INFP
"Attending a classical music concert to immerse myself in emotional melodies.", INFP
"Exploring a virtual art gallery to appreciate diverse artistic expressions.", INFP
"Joining a nature preservation initiative to contribute to environmental care.", INFP
"Participating in a group mindfulness hike to connect with nature and self.", INFP
"Attending a self-discovery workshop to explore personal growth and reflection.", INFP
"Creating a calming corner at home with soft lighting and comforting elements.", INFP
"Joining a writing retreat to focus on creative expression and storytelling.", INFP
"Participating in a virtual support group to connect with like-minded individuals.", INFP
"Attending a creative writing workshop to enhance my storytelling skills.", INFP
"Exploring a virtual museum tour to appreciate art and cultural history.", INFP
"Joining an online meditation group to practice mindfulness with others.", INFP
"Participating in a community poetry writing challenge to express emotions.", INFP
"Attending a philosophy discussion group to explore deep intellectual concepts.", INFP
"Creating a personal sanctuary in nature for moments of solitude and reflection.", INFP
"Joining a virtual tea ceremony to appreciate the art of mindfulness.", INFP
"Participating in a community journaling challenge to document daily reflections.", INFP
"Attending a therapeutic dance class to express emotions through movement.", INFP
"Exploring a virtual photography exhibition to appreciate visual storytelling.", INFP
"Joining an online self-help book club to explore personal development.", INFP
"Participating in a virtual painting workshop to express creativity and emotion.", INFP
"Attending a community herbalism class to explore the healing power of plants.", INFP
"Creating a vision board focused on self-love and personal growth.", INFP
"Joining an online support group for individuals passionate about social justice.", INFP
"Participating in a virtual meditation and mindfulness conference for insights.", INFP
"Attending a virtual candle-making workshop for a soothing and creative activity.", INFP
"Exploring a virtual stargazing event to appreciate the beauty of the night sky.", INFP
"Joining a community writing circle to share and receive feedback on stories.", INFP
"Participating in an online expressive arts therapy session for emotional release.", INFP
"Attending a virtual cultural exchange event to celebrate diversity.", INFP
"Creating a virtual art gallery showcasing personal artworks and expressions.", INFP
"Joining an online philosophy discussion group to explore existential questions.", INFP
"Participating in a virtual nature sketching class to connect with the environment.", INFP
"Attending a virtual sound healing session for relaxation and inner harmony.", INFP
"Exploring a virtual mindfulness photography challenge to capture moments of peace.", INFP
"Joining an online support group for individuals passionate about environmental activism.", INFP
"Participating in a virtual community storytelling event to share personal narratives.", INFP
"Attending an online dream interpretation workshop to explore the subconscious mind.", INFP
"Creating a virtual gratitude journal to focus on positive aspects of daily life.", INFP
"Joining an online poetry writing circle to express emotions and experiences.", INFP
"Participating in a virtual self-compassion workshop to enhance well-being.", INFP
"Attending an online labyrinth walk meditation for spiritual exploration.", INFP
"Organizing a community mural project to beautify a local school or library.", ENFP
"Joining a neighborhood poetry reading group to share and appreciate verses.", ENFP
"Hosting a community potluck dinner with a diverse range of homemade dishes.", ENFP
"Attending a local storytelling festival to immerse in different narratives.", ENFP
"Creating a neighborhood cookbook featuring favorite recipes from residents.", ENFP
"Participating in a community dance-off event to celebrate movement and joy.", ENFP
"Organizing a neighborhood photography contest to capture the essence of the area.", ENFP
"Joining a community garden club to cultivate green spaces and share gardening tips.", ENFP
"Hosting a DIY craft night where neighbors can create and exchange handmade items.", ENFP
"Attending a laughter therapy session in the community for shared laughter and positivity.", ENFP
"Creating a community poetry wall where residents can add their favorite verses.", ENFP
"Participating in a neighborhood DIY home decor workshop to share creative ideas.", ENFP
"Organizing a community board game night to engage in friendly competition and laughter.", ENFP
"Joining a neighborhood movie night under the stars with a projector and blankets.", ENFP
"Hosting a community storytelling night where residents share personal anecdotes.", ENFP
"Attending a neighborhood drum circle to connect through rhythm and music.", ENFP
"Creating a community mural that tells the story of the neighborhood's rich history.", ENFP
"Participating in a community singing group to harmonize with neighbors and build camaraderie.", ENFP
"Organizing a neighborhood fitness challenge to promote health and well-being.", ENFP
"Joining a community drumming circle to connect through rhythm and music.", ENFP
"Hosting a neighborhood paint-and-sip event where residents can unleash their artistic side.", ENFP
"Attending a community storytelling festival to celebrate the oral traditions of different cultures.", ENFP
"Creating a community art installation using recycled materials to promote sustainability.", ENFP
"Participating in a community drumming circle to connect through rhythm and music.", ENFP
"Organizing a neighborhood DIY home decor workshop to share creative ideas.", ENFP
"Joining a community picnic in the park to share food, laughter, and good company.", ENFP
"Hosting a neighborhood paint-and-sip event where residents can unleash their artistic side.", ENFP
"Attending a community kite festival to enjoy the outdoors and colorful skies.", ENFP
"Creating a community poetry wall where residents can share their favorite verses.", ENFP
"Participating in a community photography contest to showcase the beauty of the neighborhood.", ENFP
"Organizing a neighborhood book swap to promote literacy and community bonding.", ENFP
"Joining a community dance workshop to learn different styles and express creativity.", ENFP
"Hosting a neighborhood storytelling night where residents share personal anecdotes.", ENFP
"Attending a community DIY gardening workshop to cultivate green spaces together.", ENFP
"Creating a community art trail with installations and sculptures throughout the neighborhood.", ENFP
"Participating in a neighborhood drumming workshop to explore the power of rhythm.", ENFP
"Organizing a community mural painting event to beautify a local public space.", ENFP
"Joining a neighborhood talent exchange where residents share their unique skills.", ENFP
"Hosting a community board game marathon to foster friendly competition and connection.", ENFP
"Attending a neighborhood dance party with a DJ, lights, and an energetic atmosphere.", ENFP
"Creating a community mural that reflects the dreams and aspirations of residents.", ENFP
"Participating in a neighborhood storytelling circle to share personal narratives.", ENFP
"Organizing a community craft fair to showcase the artistic talents of residents.", ENFP
"Joining a neighborhood gardening cooperative to share resources and knowledge.", ENFP
"Hosting a community open mic night for residents to showcase their musical talents.", ENFP
"Attending a neighborhood photo walk to capture the unique perspectives of the area.", ENFP
"Creating a community vision board party to set collective intentions for the future.", ENFP
"Exploring mindfulness through a virtual labyrinth walk meditation.", INFP
"Creating a personal haven for reading and reflection in a cozy corner.", INFP
"Attending an online philosophy discussion group for existential exploration.", INFP
"Participating in a virtual nature sketching class to connect with the environment.", INFP
"Hosting a virtual gratitude journaling workshop for cultivating positivity.", INFP
"Joining an online poetry writing circle to express emotions and experiences.", INFP
"Attending a virtual self-compassion workshop to enhance overall well-being.", INFP
"Exploring a virtual sound healing session for relaxation and inner harmony.", INFP
"Creating a virtual gratitude jar to collect moments of appreciation and joy.", INFP
"Participating in a virtual community storytelling event to share personal narratives.", INFP
"Attending an online dream interpretation workshop to explore the subconscious mind.", INFP
"Hosting a virtual candle-making workshop for a soothing and creative activity.", INFP
"Joining an online support group for individuals passionate about social justice.", INFP
"Participating in a virtual community mindfulness walk for relaxation and connection.", INFP
"Attending a virtual cultural exchange event to celebrate diversity.", INFP
"Creating a virtual art gallery showcasing personal artworks and expressions.", INFP
"Joining an online expressive arts therapy session for emotional release.", INFP
"Participating in a virtual self-help book club to explore personal development.", INFP
"Attending a virtual labyrinth walk meditation for spiritual exploration.", INFP
"Exploring different meditation techniques in a virtual group setting.", INFP
"Creating a virtual gratitude journal to focus on positive aspects of daily life.", INFP
"Joining an online poetry writing circle to express emotions and experiences.", INFP
"Participating in a virtual community storytelling event to share personal narratives.", INFP
"Attending an online dream interpretation workshop to explore the subconscious mind.", INFP
"Hosting a virtual candle-making workshop for a soothing and creative activity.", INFP
"Joining an online support group for individuals passionate about social justice.", INFP
"Participating in a virtual community mindfulness walk for relaxation and connection.", INFP
"Attending a virtual cultural exchange event to celebrate diversity.", INFP
"Creating a virtual art gallery showcasing personal artworks and expressions.", INFP
"Joining an online expressive arts therapy session for emotional release.", INFP
"Participating in a virtual self-help book club to explore personal development.", INFP
"Attending a virtual labyrinth walk meditation for spiritual exploration.", INFP
"Exploring different meditation techniques in a virtual group setting.", INFP
"Creating a virtual gratitude journal to focus on positive aspects of daily life.", INFP
"Joining an online poetry writing circle to express emotions and experiences.", INFP
"Participating in a virtual community storytelling event to share personal narratives.", INFP
"Attending an online dream interpretation workshop to explore the subconscious mind.", INFP
"Hosting a virtual candle-making workshop for a soothing and creative activity.", INFP
"Joining an online support group for individuals passionate about social justice.", INFP
"Participating in a virtual community mindfulness walk for relaxation and connection.", INFP
"Attending a virtual cultural exchange event to celebrate diversity.", INFP
"Creating a virtual art gallery showcasing personal artworks and expressions.", INFP
"Joining an online expressive arts therapy session for emotional release.", INFP
"Participating in a virtual self-help book club to explore personal development.", INFP
"Attending a virtual labyrinth walk meditation for spiritual exploration.", INFP
"Exploring different meditation techniques in a virtual group setting.", INFP
"Creating a virtual gratitude journal to focus on positive aspects of daily life.", INFP
"Joining an online poetry writing circle to express emotions and experiences.", INFP
"Participating in a virtual community storytelling event to share personal narratives.", INFP
"Attending an online dream interpretation workshop to explore the subconscious mind.", INFP
"Hosting a virtual candle-making workshop for a soothing and creative activity.", INFP
"Joining an online support group for individuals passionate about social justice.", INFP
"Joining a community yoga class to connect mind, body, and spirit.", ENFP
"Hosting a virtual game night with friends for laughter and fun.", ENFP
"Creating a vision board filled with travel destinations and adventure.", ENFP
"Attending an outdoor painting workshop to express creativity in nature.", ENFP
"Organizing a neighborhood talent show to showcase diverse skills.", ENFP
"Joining a community cooking class to explore new cuisines.", ENFP
"Hosting a themed costume party to encourage creativity and joy.", ENFP
"Attending a live comedy show to enjoy humor and entertainment.", ENFP
"Exploring a community garden to connect with nature and fellow enthusiasts.", ENFP
"Joining a dance marathon fundraiser to support a charitable organization.", ENFP
"Hosting a virtual trivia night with friends for intellectual stimulation.", ENFP
"Attending a local farmers' market to discover fresh and organic produce.", ENFP
"Creating a community mural that reflects the neighborhood's diversity.", ENFP
"Participating in a neighborhood book club to share literary insights.", ENFP
"Hosting a DIY craft workshop to inspire creativity in the community.", ENFP
"Joining a community improv group for spontaneous and collaborative fun.", ENFP
"Attending a film festival to explore diverse cinematic experiences.", ENFP
"Exploring a virtual escape room with friends for a challenging adventure.", ENFP
"Organizing a neighborhood picnic with games and shared laughter.", ENFP
"Joining a photography club to capture the beauty of everyday moments.", ENFP
"Hosting a virtual karaoke night to celebrate music and expression.", ENFP
"Attending a community art exhibition to appreciate local talents.", ENFP
"Creating a community mural that represents shared dreams and goals.", ENFP
"Participating in a neighborhood clean-up day for environmental stewardship.", ENFP
"Hosting a themed potluck dinner to celebrate cultural diversity.", ENFP
"Joining a community hiking group to explore scenic trails together.", ENFP
"Attending a live music concert to immerse in the energy of performance.", ENFP
"Exploring a virtual reality art experience for a unique creative journey.", ENFP
"Joining a community science fair to promote learning and curiosity.", ENFP
"Hosting a virtual wine and paint night for artistic expression.", ENFP
"Attending a community wellness retreat to recharge mind and body.", ENFP
"Creating a community mural that showcases shared values and aspirations.", ENFP
"Participating in a neighborhood storytelling event to share personal anecdotes.", ENFP
"Hosting a virtual game night with friends for laughter and connection.", ENFP
"Joining a community yoga class to enhance well-being and mindfulness.", ENFP
"Attending an outdoor movie night with neighbors for a cinematic experience.", ENFP
"Exploring a virtual art gallery tour to appreciate diverse artistic expressions.", ENFP
"Organizing a neighborhood charity walk to support local initiatives.", ENFP
"Joining a community poetry writing circle to express emotions through verses.", ENFP
"Hosting a virtual dance party with friends for energetic and joyful vibes.", ENFP
"Attending a community gardening workshop to nurture green spaces.", ENFP
"Creating a vision board filled with aspirations for personal growth.", ENFP
"Hosting a virtual trivia night with friends for intellectual stimulation.", ENFP
"Attending a live comedy show to enjoy humor and entertainment.", ENFP
"Exploring a community garden to connect with nature and fellow enthusiasts.", ENFP
"Joining a dance marathon fundraiser to support a charitable organization.", ENFP
"Hosting a virtual escape room challenge for collaborative problem-solving.", ENFP
"Attending a neighborhood cultural festival to celebrate diversity.", ENFP
"Creating a community mural that reflects shared memories and experiences.", ENFP
"Participating in a neighborhood clean-up day for environmental conservation.", ENFP
"Hosting a virtual game night with friends for laughter and connection.", ENFP
"Joining a community yoga class to enhance well-being and mindfulness.", ENFP
"Attending an outdoor movie night with neighbors for a cinematic experience.", ENFP
"Exploring a virtual art gallery tour to appreciate diverse artistic expressions.", ENFP
"Organizing a neighborhood charity walk to support local initiatives.", ENFP
"Joining a community poetry writing circle to express emotions through verses.", ENFP
"Hosting a virtual dance party with friends for energetic and joyful vibes.", ENFP
"Attending a community gardening workshop to nurture green spaces.", ENFP
"Creating a vision board filled with aspirations for personal growth.", ENFP
"Participating in a local charity run to support a meaningful cause.", ENFP
"Hosting a virtual dream interpretation circle to explore subconscious realms.", INFP
"Joining a community meditation group to foster inner peace and reflection.", INFP
"Attending a virtual poetry slam event to appreciate diverse creative expressions.", INFP
"Participating in an online expressive writing workshop for emotional exploration.", INFP
"Creating a virtual nature-inspired art gallery to showcase personal creations.", INFP
"Exploring a virtual mindfulness photography challenge to capture moments of peace.", INFP
"Organizing a virtual journaling retreat for introspective and reflective writing.", INFP
"Attending a virtual sound healing meditation session for relaxation and tranquility.", INFP
"Joining an online philosophy discussion club for deep intellectual conversations.", INFP
"Hosting a virtual tea ceremony to appreciate the calming ritual and connection.", INFP
"Attending a virtual self-compassion workshop for enhancing emotional well-being.", INFP
"Participating in an online mindfulness book club to explore present-moment awareness.", INFP
"Creating a virtual art journal to express emotions and thoughts through visuals.", INFP
"Exploring a virtual tarot card reading session for introspection and guidance.", INFP
"Organizing a virtual creative writing retreat for storytelling and self-expression.", INFP
"Attending an online herbalism class to explore the healing power of plants.", INFP
"Joining a virtual music therapy session to experience the therapeutic benefits.", INFP
"Hosting a virtual meditation and poetry night to combine mindfulness and creativity.", INFP
"Attending an online vision board party to manifest dreams and aspirations.", INFP
"Participating in a virtual dream analysis workshop to decipher subconscious messages.", INFP
"Creating a virtual photography exhibition to share personal visual narratives.", INFP
"Exploring a virtual mindfulness art therapy session for emotional expression.", INFP
"Organizing an online gratitude circle to share moments of appreciation.", INFP
"Attending a virtual cultural exchange event to celebrate diversity and unity.", INFP
"Joining an online discussion on existential philosophy for profound reflections.", INFP
"Hosting a virtual DIY aromatherapy workshop for relaxation and well-being.", INFP
"Attending a virtual labyrinth walk meditation for spiritual introspection.", INFP
"Participating in an online astrology workshop to explore celestial influences.", INFP
"Creating a virtual guided meditation series for relaxation and self-discovery.", INFP
"Exploring a virtual philosophy of happiness discussion for insightful perspectives.", INFP
"Organizing an online expressive dance session for emotional release and joy.", INFP
"Attending a virtual mindfulness nature walk for connection with the environment.", INFP
"Joining an online support group for individuals passionate about social justice.", INFP
"Hosting a virtual creative expression showcase for sharing artistic talents.", INFP
"Attending a virtual poetry writing marathon to explore varied writing styles.", INFP
"Participating in an online dream journaling workshop for subconscious exploration.", INFP
"Creating a virtual art therapy session to express emotions through creative processes.", INFP
"Exploring a virtual meditation and crystal healing session for holistic well-being.", INFP
"Organizing an online discussion on the philosophy of time for deep contemplation.", INFP
"Attending a virtual yoga and mindfulness retreat for relaxation and self-care.", INFP
"Joining an online philosophy of love discussion for reflections on relationships.", INFP
"Hosting a virtual nature-inspired poetry night to celebrate the beauty of the earth.", INFP
"Attending a virtual self-discovery workshop to explore personal growth.", INFP
"Participating in an online holistic wellness webinar for a balanced lifestyle.", INFP
"Creating a virtual gratitude mandala to visually represent moments of thankfulness.", INFP
"Exploring a virtual mindfulness and storytelling workshop for introspection.", INFP
"Organizing an online discussion on the philosophy of beauty for diverse perspectives.", INFP
"Attending a virtual crystal healing and meditation session for energy balance.", INFP
"Joining a virtual book club focused on spiritual and metaphysical literature.", INFP
"Hosting a virtual vision board party to set intentions and manifest dreams.", INFP
"Attending an online discussion on the philosophy of emotions for self-awareness.", INFP
"Joining a virtual laughter yoga class for joy and positive energy.", ENFP
"Hosting a community mural painting event to unite and express creativity.", ENFP
"Attending a neighborhood drum circle for rhythmic connection and fun.", ENFP
"Participating in a virtual improv comedy workshop for spontaneity.", ENFP
"Creating a community vision board to inspire collective dreams and goals.", ENFP
"Exploring a virtual escape room challenge with friends for teamwork.", ENFP
"Organizing a neighborhood talent exchange to showcase diverse skills.", ENFP
"Attending a virtual game night with friends for lighthearted competition.", ENFP
"Joining a community storytelling festival to celebrate diverse narratives.", ENFP
"Hosting a DIY craft party for neighbors to unleash their creativity.", ENFP
"Attending an outdoor painting workshop to express artistic flair.", ENFP
"Participating in a neighborhood dance-a-thon fundraiser for charity.", ENFP
"Creating a community podcast to amplify local stories and voices.", ENFP
"Exploring a virtual reality art experience for a unique creative journey.", ENFP
"Organizing a neighborhood fitness challenge to promote well-being.", ENFP
"Attending a community drumming workshop to connect through rhythm.", ENFP
"Joining a neighborhood paint-and-sip event for artistic expression.", ENFP
"Hosting a virtual karaoke night for music and vocal celebration.", ENFP
"Attending a live comedy show to embrace humor and entertainment.", ENFP
"Participating in a community dance workshop to learn and share moves.", ENFP
"Creating a neighborhood scavenger hunt for interactive fun.", ENFP
"Exploring a virtual music festival to enjoy diverse musical genres.", ENFP
"Organizing a community gardening club to cultivate green spaces.", ENFP
"Attending a neighborhood block party with food, games, and laughter.", ENFP
"Joining a community yoga class to promote physical and mental wellness.", ENFP
"Hosting a virtual trivia night with friends for intellectual engagement.", ENFP
"Attending a live music concert to immerse in the energy of performance.", ENFP
"Participating in a community storytelling night around a bonfire.", ENFP
"Creating a neighborhood art installation with recycled materials.", ENFP
"Exploring a virtual cooking class to learn new culinary skills.", ENFP
"Organizing a neighborhood talent show to celebrate diverse abilities.", ENFP
"Attending a virtual dance party with friends for energetic vibes.", ENFP
"Joining a community painting workshop to explore artistic expression.", ENFP
"Hosting a themed costume party to encourage creative outfits.", ENFP
"Attending an outdoor movie night with neighbors for cinematic fun.", ENFP
"Participating in a virtual board game night for friendly competition.", ENFP
"Creating a community mural that reflects local culture and diversity.", ENFP
"Exploring a virtual photography exhibition to appreciate visual storytelling.", ENFP
"Organizing a neighborhood picnic with shared food and laughter.", ENFP
"Attending a community talent show to support local performers.", ENFP
"Joining a virtual dance-off event for spontaneous movement and joy.", ENFP
"Hosting a neighborhood poetry reading night for literary appreciation.", ENFP
"Attending a virtual escape room challenge with friends for problem-solving.", ENFP
"Participating in a neighborhood photography contest to capture local beauty.", ENFP
"Creating a virtual comedy night to share laughter with the community.", ENFP
"Exploring a neighborhood art walk to appreciate local creativity.", ENFP
"Organizing a virtual storytelling event for sharing personal narratives.", ENFP
"Attending a community gardening workshop to connect with nature.", ENFP
"Joining a virtual music jam session with neighbors for musical collaboration.", ENFP
"Generally more reserved", INFP
"Prefers deep, meaningful conversations", INFP
"You love being inside the four walls of your room without wanting to go out for hours.", INFP
"You avoid eye contact with most people while talking to them.", INFP
"You have very few friends with whom you are very open but avoid making new ones.", INFP
"You go out for morning walk to enjoy the nature rather than to actually exercise.", INFP
"When you are on a vacation, you enjoy things that others don't. You observe more than anyone else.", INFP
"Out in the mall, when you see someone who knows you, you start going in the opposite direction to avoid meeting him/her.", INFP
"You are reading books on weekends.", INFP
"You are SUPER crazy about correctness of grammar.", INFP
"You have an insecurity somewhere in your heart (regarding anything - looks, height, career, relationships etc.), but you are perfectly able to hide it from others.", INFP
"You are less fearless than others. But you do know the line between confidence and overconfidence.", INFP
"You tend to daydream more than others. You love the virtual world you have created.", INFP
"You are egoistic. You deny that.", INFP
"You don't worry much about fashion.", INFP
"You are always thinking about something. Many times, you think more than necessary. You can sometimes be very optimistic but adhere to pessimism at other times.", INFP
"You are often fighting with the personalities within yourself.", INFP
"You tend to get depressed more than others. Sometimes you care about things too much and end up hurting your own image in yourself.", INFP
"You never ask your crush out. That ‘taking the time’ phase does not end.", INFP
"When someone asks you out, you first think 'S/He is surely kidding. All this is a prank. How can someone like me?'", INFP
"If you are in a relationship, you would do anything that makes your partner happy. That includes giving up some of your introverted nature.", INFP
"You avoid parties altogether; or make sure you have a way out.", INFP
"You are not lazy, you are just not interested at all.", INFP
"You avoid reading WhatsApp messages especially from those not so close to you, so that you remain unseen.", INFP
"You, VERRRRYYYY rarely, post or share anything on Facebook.", INFP
"You are amazingly talented, but prefer to practice it all alone inside your room. You’re actually afraid of being harshly judged.", INFP
"You have a concept of religion that no one else has.", INFP
"You do not want to share your Playlist, as your choices are very different from those of others.", INFP
"You always prefer e-mail over calling.", INFP
"Your heartbeats race when the phone rings. If the doorbell rings, you get a heart attack.", INFP
"You mentally prepare for phone calls.", INFP
"You are allergic to phrases like 'team player,' 'ice breakers,' and 'pushy salespeople.'", INFP
"Communal tables at coffee places are never an option.", INFP
"You don’t really know how to pull out a weapon of flirtation. So, you continue to stare and it gets awkward. To the point when you want to flush yourself down the toilet.", INFP
"You think for one millisecond before acting on impulse.", INFP
"Lectures over seminars on any day.", INFP
"You have to recharge at the end of the day because you feel drained, even if you genuinely enjoyed every minute of it.", INFP
"You think that some people talk for the sake of having their mouth go up and down, with occasional lip twerking.", INFP
"You have a strict list full of boundaries mentally outlining who is your 'friend' and who is an 'acquaintance.'", INFP
"When you want to leave your condo, but the neighbor is in the hallway. The struggle is phenomenal.", INFP
"Turns off Facebook chat.", INFP
"Friend circle means a group of 3 friends or lesser.", INFP
"Don't answer a phone call, wait till it stops ringing, then send a text 'can't talk right now. What's the matter ? Please text.'", INFP
"You like talking to yourself inside your head.", INFP
"Just look at the WhatsApp text from notification bar and clear them without going to the app unless you want to text.", INFP
"Hill stations over discos, any day.", INFP
"Always wear clothes with side pocket so that you can put your hands inside them during awkward social situations.", INFP
"Don't get excited about your birthdays. You are going to spend it in your bed anyway.", INFP
"Don't step out of your room until you're sure the guests have finally left.", INFP
"You don't pay attention to judgmental assholes who call you egoistical, you continue to be the introvert asshole that you are.", INFP
"You can create a whole mind palace inside your mind and interact with virtual things in it as if they were real.", INFP
"We really love to watch blinking stars just before sleeping with mild cold blowing air in alone with complete silence.", INFP
"They think that there is more to meaning of life than this useless interaction all the time and almost all of them want to search that deeper meaning of life.", INFP

